# DISCARD,PLAY,REVEAL_COLOR,REVEAL_RANK
2.497000000000000000e+03
2.794000000000000000e+03
3.525000000000000000e+03
1.763000000000000000e+03
