# DISCARD,PLAY,REVEAL_COLOR,REVEAL_RANK
2.629000000000000000e+03
2.843000000000000000e+03
3.532000000000000000e+03
1.822000000000000000e+03
