# DISCARD,PLAY,REVEAL_COLOR,REVEAL_RANK
5.290900000000000000e+04
5.825080000000000000e+05
1.335600000000000000e+05
0.000000000000000000e+00
