# DISCARD,PLAY,REVEAL_COLOR,REVEAL_RANK
1.580820000000000000e+05
2.814190000000000000e+05
1.300100000000000000e+05
4.698800000000000000e+04
