# DISCARD,PLAY,REVEAL_COLOR,REVEAL_RANK
1.496340000000000000e+05
2.861980000000000000e+05
9.245400000000000000e+04
3.907100000000000000e+04
