# DISCARD,PLAY,REVEAL_COLOR,REVEAL_RANK
1.608460000000000000e+05
2.814620000000000000e+05
1.276470000000000000e+05
5.261200000000000000e+04
