# DISCARD,PLAY,REVEAL_COLOR,REVEAL_RANK
1.892550000000000000e+05
1.872890000000000000e+05
4.287170000000000000e+05
0.000000000000000000e+00
