# DISCARD,PLAY,REVEAL_COLOR,REVEAL_RANK
1.892530000000000000e+05
1.861940000000000000e+05
4.279080000000000000e+05
0.000000000000000000e+00
