# DISCARD,PLAY,REVEAL_COLOR,REVEAL_RANK
2.449000000000000000e+03
2.814000000000000000e+03
3.061000000000000000e+03
1.737000000000000000e+03
