# DISCARD,PLAY,REVEAL_COLOR,REVEAL_RANK
5.282600000000000000e+04
5.831830000000000000e+05
1.335280000000000000e+05
0.000000000000000000e+00
