# DISCARD,PLAY,REVEAL_COLOR,REVEAL_RANK
1.896070000000000000e+05
1.866820000000000000e+05
4.282490000000000000e+05
0.000000000000000000e+00
