# DISCARD,PLAY,REVEAL_COLOR,REVEAL_RANK
1.890080000000000000e+05
1.877320000000000000e+05
4.270380000000000000e+05
0.000000000000000000e+00
