# DISCARD,PLAY,REVEAL_COLOR,REVEAL_RANK
1.589400000000000000e+05
2.821100000000000000e+05
1.293060000000000000e+05
4.817300000000000000e+04
