# DISCARD,PLAY,REVEAL_COLOR,REVEAL_RANK
2.608000000000000000e+03
2.785000000000000000e+03
3.208000000000000000e+03
1.735000000000000000e+03
