# DISCARD,PLAY,REVEAL_COLOR,REVEAL_RANK
2.575000000000000000e+03
2.867000000000000000e+03
3.242000000000000000e+03
1.705000000000000000e+03
