# DISCARD,PLAY,REVEAL_COLOR,REVEAL_RANK
5.247500000000000000e+04
5.837670000000000000e+05
1.324140000000000000e+05
0.000000000000000000e+00
