# DISCARD,PLAY,REVEAL_COLOR,REVEAL_RANK
2.647000000000000000e+03
2.791000000000000000e+03
3.641000000000000000e+03
1.815000000000000000e+03
