# DISCARD,PLAY,REVEAL_COLOR,REVEAL_RANK
2.507000000000000000e+03
2.758000000000000000e+03
3.517000000000000000e+03
1.763000000000000000e+03
