# DISCARD,PLAY,REVEAL_COLOR,REVEAL_RANK
1.483410000000000000e+05
2.869660000000000000e+05
9.414400000000000000e+04
3.609300000000000000e+04
