# DISCARD,PLAY,REVEAL_COLOR,REVEAL_RANK
1.488200000000000000e+05
2.864510000000000000e+05
9.147500000000000000e+04
3.891000000000000000e+04
