# DISCARD,PLAY,REVEAL_COLOR,REVEAL_RANK
1.607590000000000000e+05
2.810350000000000000e+05
1.349980000000000000e+05
4.503100000000000000e+04
