# DISCARD,PLAY,REVEAL_COLOR,REVEAL_RANK
1.520500000000000000e+05
2.864620000000000000e+05
9.345700000000000000e+04
3.969300000000000000e+04
