# DISCARD,PLAY,REVEAL_COLOR,REVEAL_RANK
5.288000000000000000e+04
5.844260000000000000e+05
1.332270000000000000e+05
0.000000000000000000e+00
