# DISCARD,PLAY,REVEAL_COLOR,REVEAL_RANK
2.523000000000000000e+03
2.747000000000000000e+03
3.046000000000000000e+03
1.764000000000000000e+03
