# DISCARD,PLAY,REVEAL_COLOR,REVEAL_RANK
5.246900000000000000e+04
5.841390000000000000e+05
1.328610000000000000e+05
0.000000000000000000e+00
