# DISCARD,PLAY,REVEAL_COLOR,REVEAL_RANK
1.513930000000000000e+05
2.867330000000000000e+05
9.150600000000000000e+04
4.108500000000000000e+04
