# DISCARD,PLAY,REVEAL_COLOR,REVEAL_RANK
1.888530000000000000e+05
1.876400000000000000e+05
4.278170000000000000e+05
0.000000000000000000e+00
