# DISCARD,PLAY,REVEAL_COLOR,REVEAL_RANK
1.581990000000000000e+05
2.815670000000000000e+05
1.312860000000000000e+05
4.549400000000000000e+04
