# DISCARD,PLAY,REVEAL_COLOR,REVEAL_RANK
2.515000000000000000e+03
2.869000000000000000e+03
3.143000000000000000e+03
1.739000000000000000e+03
