# DISCARD,PLAY,REVEAL_COLOR,REVEAL_RANK
2.610000000000000000e+03
2.720000000000000000e+03
3.613000000000000000e+03
1.821000000000000000e+03
